capability,count,percentage
governance,7,100.0
forecasting,6,85.71
budgeting,5,71.43
chargeback,5,71.43
rightsizing,5,71.43
showback,5,71.43
allocation,4,57.14
cost_visibility,4,57.14
reserved_instances,4,57.14
tagging,4,57.14
anomaly_management,3,42.86
savings_plans,3,42.86
cost_analysis,2,28.57
procurement,2,28.57
unit_economics,2,28.57
vendor_management,2,28.57
commitment_management,1,14.29
policy,1,14.29
usage_optimization,1,14.29
cost_avoidance,0,0.0
finops_operating_model,0,0.0
guardrails,0,0.0
idle_resource_management,0,0.0
licensing,0,0.0
rate_optimization,0,0.0
realized_savings,0,0.0
spot,0,0.0
