requirement,count,percentage,priority,framework_domain,framework_capability,book_mapping,official_provider_mapping,resume_status,gap,target_depth,lab_mapping,interview_risk
"governance",7,100.00,"P0","Manage the FinOps Practice","Governance, Policy & Risk","Ch 7; Ch 20; Ch 21; Ch 24","FinOps Foundation Governance Policy & Risk; Azure Cost Management governance; Terraform/GitHub Actions guardrails","partial","Strong data/CI governance background but needs FinOps-specific technology policy, exception paths, risk thresholds, commitment policy, and financial governance cadence","deep","01_tagging; 10_cicd_guardrail","Explain policy vs guideline vs guardrail; owner/exception model; prove controls do not break SLA"
"forecasting",6,85.71,"P0","Quantify Business Value","Forecasting","Ch 13 Accurate Forecasting","Azure Cost Management forecasting/budgets; AWS cost data; Power BI/Python forecast models","gap","No explicit cloud-spend forecasting practice, forecast variance process, business-driver model, or forecast-to-budget operating cadence in resume","deep","09_forecast","Build forecast from cost plus business drivers; quantify variance; explain uncertainty and reforecast cadence"
"budgeting",5,71.43,"P0","Quantify Business Value","Budgeting","Ch 13; Ch 20","Azure Cost Management budgets/alerts; AWS budget controls; Snowflake budgets/resource monitors","gap","Resume shows budget optimization analytics but not technology budget ownership, thresholds, escalation, or forecast-to-budget control","deep","02_budget_alert; 09_forecast","Budget is a management target, not a forecast; explain alert thresholds, ownership, escalation, and corrective action"
"chargeback",5,71.43,"P0","Manage the FinOps Practice","Invoicing & Chargeback; Allocation","Ch 11 Allocation: No Dollar Left Behind","Azure cost allocation rules; Fabric Chargeback app pattern; Power BI Gold allocation model","gap","No explicit cloud chargeback model, invoice reconciliation, shared-cost rule, or accountable billing process in resume","deep","01_tagging; Gold cost model; Power BI","Design fair allocation/chargeback keys; handle shared costs and unallocated spend; reconcile to provider invoice"
"rightsizing",5,71.43,"P0","Optimize Usage & Cost","Usage Optimization","Ch 15 Using Less: Usage Optimization","AWS Cost Optimization Hub/right-sizing recommendations; Azure Advisor/Cost Management patterns","partial","Strong performance optimization background but needs utilization-to-size decision rules, workload-owner validation, SLA guardrails, and post-change financial proof","deep","03_rightsizing","Do not accept provider recommendation blindly; validate CPU/memory/IO, seasonality, SLA, rollback and realized savings"
"showback",5,71.43,"P0","Understand Usage & Cost; Manage the FinOps Practice","Reporting & Analytics; Invoicing & Chargeback","Ch 8; Ch 11","Power BI cost model; Azure Cost Management views/allocation; Fabric Chargeback app pattern","partial","Strong Power BI/reporting capability but no explicit cloud cost ownership/showback operating model","deep","01_tagging; Gold cost model; Power BI","Showback vs chargeback; ownership quality; shared cost; executive vs engineering views"
"allocation",4,57.14,"P1","Understand Usage & Cost","Allocation","Ch 11","Azure cost allocation rules; provider tags/labels; FOCUS-normalized ownership dimensions","partial","Data modelling and governance transfer well, but cloud cost allocation hierarchy, shared-cost strategy and coverage KPIs are not demonstrated","strong","01_tagging; Gold cost model","Choose account/subscription/tag/business mappings; measure allocated vs unallocated spend; handle shared services"
"cost_visibility",4,57.14,"P1","Understand Usage & Cost","Data Ingestion; Reporting & Analytics","Ch 5; Ch 8; Ch 10","AWS CUR/cost data; Azure Cost Management exports; Databricks system billing tables; Snowflake cost views","partial","Strong data pipeline/BI background, but multi-cloud billing ingestion, FOCUS normalization, amortized/effective cost semantics need direct proof","strong","FinOps data pipeline; Gold model; Power BI","Explain billing grain, effective/amortized cost, freshness, reconciliation and ownership dimensions"
"reserved_instances",4,57.14,"P1","Optimize Usage & Cost","Rate Optimization","Ch 16; Ch 17; Ch 18","AWS RI/Savings Plans recommendations; Azure reservations concepts","gap","No demonstrated commitment coverage/utilization strategy, break-even analysis, risk limits, expiry management, or finance/procurement approval flow","strong","08_commitments","Separate usage optimization from rate optimization; model coverage/utilization and downside risk before commitment"
"tagging",4,57.14,"P1","Understand Usage & Cost","Allocation","Ch 12 Tags, Labels, Accounts","Azure tag inheritance; AWS cost allocation tags; Terraform policy-as-code","partial","Strong metadata/data-governance skills but needs cost-allocation tag policy, inheritance, enforcement, exceptions and quality KPI","strong","01_tagging; 10_cicd_guardrail","Tagging is an allocation mechanism, not an end goal; define required keys, inheritance, enforcement and coverage"
"anomaly_management",3,42.86,"P1","Understand Usage & Cost","Anomaly Management","Ch 10; Ch 21; Ch 22","AWS Cost Anomaly Detection; Azure cost alerts; Python/SQL RCA pipeline","partial","Strong monitoring/RCA experience but no explicit cloud-cost anomaly baseline, materiality thresholds, owner routing or financial validation loop","strong","02_budget_alert; anomaly extension; 09_forecast","Differentiate anomaly from budget breach; isolate usage vs rate vs business-volume changes; route to owner and validate outcome"
"savings_plans",3,42.86,"P1","Optimize Usage & Cost","Rate Optimization","Ch 16; Ch 17; Ch 18","AWS Savings Plans recommendations and utilization/coverage analysis","gap","No demonstrated commitment portfolio strategy or comparable post-purchase savings validation","strong","08_commitments","Model eligible stable usage, lookback sensitivity, coverage/utilization, lock-in risk and approval controls"
"cost_analysis",2,28.57,"P2","Understand Usage & Cost","Reporting & Analytics","Ch 5; Ch 8; Ch 10","AWS/Azure cost data; Snowflake cost management; Databricks system billing tables","strong","Existing SQL/Python/BI/RCA capability is strong; remaining gap is provider billing semantics and FinOps-specific KPIs","strong","FinOps data pipeline; Power BI","Trace cost movement by scope/service/resource/owner and split usage variance from rate variance"
"procurement",2,28.57,"P2","Optimize Usage & Cost; Manage the FinOps Practice","Rate Optimization; Intersecting Disciplines; Governance, Policy & Risk","Ch 3; Ch 16; Ch 18; Ch 20; Ch 24","Commitment/vendor pricing evidence; governance approval workflow","gap","No explicit procurement collaboration, commercial negotiation, contract-risk or commitment-approval evidence in resume","working","08_commitments; recommendation quality gate","Translate technical demand into commercial decision; quantify alternatives, lock-in, break-even and approval ownership"
"unit_economics",2,28.57,"P2","Quantify Business Value","Unit Economics","Ch 22; Ch 26","Power BI business-driver model; FOCUS-normalized cost plus product/transaction metrics","partial","Business analytics experience exists but no explicit cloud unit-cost metric linked to workload/product demand and architecture decisions","strong","04_incremental_vs_full; Gold KPI model; Power BI","Explain why total cost can rise while unit economics improve; choose denominator tied to business value"
"vendor_management",2,28.57,"P2","Manage the FinOps Practice; Optimize Usage & Cost","Governance, Policy & Risk; Rate Optimization; Intersecting Disciplines","Ch 3; Ch 16; Ch 18; Ch 20","Contract/commitment governance; provider pricing and renewal evidence","gap","No explicit vendor contract lifecycle, renewal, pricing negotiation, obligation tracking or vendor-risk evidence in resume","working","08_commitments; recommendation quality gate","Separate provider recommendation from commercial decision; track obligations, renewal risk, alternatives and realized value"
